{
    "type": "FeatureCollection",
    "features": [
        {
            "type": "Feature",
            "id": "sempadan_negeri_updfr8.fid-7909ae5c_199101b8e90_415b",
            "geometry": {
                "type": "MultiPolygon",
                "coordinates": [
                    [
                        [
                            [
                                101.61517643,
                                3.15317457
                            ],
                            [
                                101.61560963,
                                3.1588131
                            ],
                            [
                                101.6161938,
                                3.16078423
                            ],
                            [
                                101.61641248,
                                3.16134434
                            ],
                            [
                                101.61662792,
                                3.16194216
                            ],
                            [
                                101.61687808,
                                3.16316308
                            ],
                            [
                                101.61665794,
                                3.16409272
                            ],
                            [
                                101.61666321,
                                3.16495928
                            ],
                            [
                                101.61668279,
                                3.16630385
                            ],
                            [
                                101.61718753,
                                3.16751116
                            ],
                            [
                                101.61698114,
                                3.17000434
                            ],
                            [
                                101.61728562,
                                3.17025879
                            ],
                            [
                                101.6175519,
                                3.17062994
                            ],
                            [
                                101.6178593,
                                3.17099255
                            ],
                            [
                                101.61822544,
                                3.17230641
                            ],
                            [
                                101.61872073,
                                3.17298804
                            ],
                            [
                                101.61902456,
                                3.17318856
                            ],
                            [
                                101.61923712,
                                3.17402206
                            ],
                            [
                                101.61905552,
                                3.17496631
                            ],
                            [
                                101.61912651,
                                3.17562235
                            ],
                            [
                                101.61898435,
                                3.17587942
                            ],
                            [
                                101.61961645,
                                3.17768369
                            ],
                            [
                                101.61977336,
                                3.17896681
                            ],
                            [
                                101.6192766,
                                3.17974636
                            ],
                            [
                                101.61907055,
                                3.18237968
                            ],
                            [
                                101.61974781,
                                3.18842734
                            ],
                            [
                                101.61928238,
                                3.19141498
                            ],
                            [
                                101.61858716,
                                3.19305627
                            ],
                            [
                                101.61850045,
                                3.19390309
                            ],
                            [
                                101.618897,
                                3.1950072
                            ],
                            [
                                101.61886242,
                                3.19570759
                            ],
                            [
                                101.61876309,
                                3.19670502
                            ],
                            [
                                101.61910519,
                                3.19727661
                            ],
                            [
                                101.61950523,
                                3.19753409
                            ],
                            [
                                101.61993603,
                                3.19771645
                            ],
                            [
                                101.6218674,
                                3.19761245
                            ],
                            [
                                101.62255084,
                                3.19781415
                            ],
                            [
                                101.62349472,
                                3.19828179
                            ],
                            [
                                101.62374776,
                                3.1989869
                            ],
                            [
                                101.62408108,
                                3.19927298
                            ],
                            [
                                101.62448008,
                                3.19895283
                            ],
                            [
                                101.62530353,
                                3.19999706
                            ],
                            [
                                101.62742546,
                                3.20349061
                            ],
                            [
                                101.62911093,
                                3.20833884
                            ],
                            [
                                101.63031431,
                                3.20919672
                            ],
                            [
                                101.63145481,
                                3.21238452
                            ],
                            [
                                101.63282175,
                                3.21304107
                            ],
                            [
                                101.63341629,
                                3.21345439
                            ],
                            [
                                101.63341615,
                                3.21345443
                            ],
                            [
                                101.63366919,
                                3.21399603
                            ],
                            [
                                101.63389727,
                                3.21445311
                            ],
                            [
                                101.63399836,
                                3.21740023
                            ],
                            [
                                101.63461821,
                                3.21664194
                            ],
                            [
                                101.63534116,
                                3.21666674
                            ],
                            [
                                101.63639538,
                                3.21607854
                            ],
                            [
                                101.6371755,
                                3.21744153
                            ],
                            [
                                101.6393287,
                                3.22181338
                            ],
                            [
                                101.63900757,
                                3.22321934
                            ],
                            [
                                101.63632482,
                                3.22684061
                            ],
                            [
                                101.63609789,
                                3.22783007
                            ],
                            [
                                101.63663854,
                                3.22822673
                            ],
                            [
                                101.63654693,
                                3.22873114
                            ],
                            [
                                101.63831707,
                                3.22879055
                            ],
                            [
                                101.63838899,
                                3.22885036
                            ],
                            [
                                101.63837053,
                                3.22891959
                            ],
                            [
                                101.63840327,
                                3.22908889
                            ],
                            [
                                101.63865148,
                                3.22984822
                            ],
                            [
                                101.63901333,
                                3.23025497
                            ],
                            [
                                101.63964472,
                                3.23100342
                            ],
                            [
                                101.64036228,
                                3.2318603
                            ],
                            [
                                101.64249392,
                                3.232039
                            ],
                            [
                                101.64242236,
                                3.23216464
                            ],
                            [
                                101.6424253,
                                3.23233404
                            ],
                            [
                                101.64496054,
                                3.23259188
                            ],
                            [
                                101.64519796,
                                3.232619
                            ],
                            [
                                101.64620142,
                                3.23268943
                            ],
                            [
                                101.64667691,
                                3.23499451
                            ],
                            [
                                101.64910549,
                                3.23450913
                            ],
                            [
                                101.64974662,
                                3.2353625
                            ],
                            [
                                101.64999006,
                                3.23436487
                            ],
                            [
                                101.65388418,
                                3.23521559
                            ],
                            [
                                101.65393496,
                                3.23702515
                            ],
                            [
                                101.65713643,
                                3.23688263
                            ],
                            [
                                101.65711945,
                                3.23815522
                            ],
                            [
                                101.65653681,
                                3.23861099
                            ],
                            [
                                101.65692495,
                                3.23924011
                            ],
                            [
                                101.65731373,
                                3.23988005
                            ],
                            [
                                101.65752465,
                                3.24027124
                            ],
                            [
                                101.6576196,
                                3.24053112
                            ],
                            [
                                101.65767955,
                                3.24073687
                            ],
                            [
                                101.6577787,
                                3.24097625
                            ],
                            [
                                101.65791737,
                                3.24121096
                            ],
                            [
                                101.65809652,
                                3.24144746
                            ],
                            [
                                101.65840946,
                                3.24172953
                            ],
                            [
                                101.65895978,
                                3.24175119
                            ],
                            [
                                101.65949941,
                                3.2417511
                            ],
                            [
                                101.6598936,
                                3.24170756
                            ],
                            [
                                101.66030333,
                                3.24165328
                            ],
                            [
                                101.66061655,
                                3.24160983
                            ],
                            [
                                101.66070335,
                                3.24160982
                            ],
                            [
                                101.66072185,
                                3.24183857
                            ],
                            [
                                101.66075624,
                                3.24222218
                            ],
                            [
                                101.66079744,
                                3.24261424
                            ],
                            [
                                101.66081111,
                                3.24303413
                            ],
                            [
                                101.66079533,
                                3.2436747
                            ],
                            [
                                101.66120926,
                                3.24349053
                            ],
                            [
                                101.66134303,
                                3.24348966
                            ],
                            [
                                101.66166405,
                                3.24363043
                            ],
                            [
                                101.6621671,
                                3.24379719
                            ],
                            [
                                101.66267697,
                                3.24398265
                            ],
                            [
                                101.66343884,
                                3.2442353
                            ],
                            [
                                101.66409803,
                                3.24447107
                            ],
                            [
                                101.66439471,
                                3.24434644
                            ],
                            [
                                101.66448506,
                                3.24417143
                            ],
                            [
                                101.66496182,
                                3.24396663
                            ],
                            [
                                101.66548166,
                                3.24376942
                            ],
                            [
                                101.66579972,
                                3.24364384
                            ],
                            [
                                101.66604685,
                                3.24359366
                            ],
                            [
                                101.66634678,
                                3.24353313
                            ],
                            [
                                101.66660165,
                                3.24318508
                            ],
                            [
                                101.66691026,
                                3.24271956
                            ],
                            [
                                101.66715731,
                                3.24216479
                            ],
                            [
                                101.66754623,
                                3.24157354
                            ],
                            [
                                101.66775574,
                                3.24116121
                            ],
                            [
                                101.66793611,
                                3.24087157
                            ],
                            [
                                101.66786256,
                                3.24075327
                            ],
                            [
                                101.66800278,
                                3.24052241
                            ],
                            [
                                101.66825537,
                                3.24017882
                            ],
                            [
                                101.6685831,
                                3.23973675
                            ],
                            [
                                101.6690543,
                                3.23914481
                            ],
                            [
                                101.66952228,
                                3.23875419
                            ],
                            [
                                101.67011429,
                                3.23813755
                            ],
                            [
                                101.67048218,
                                3.23774846
                            ],
                            [
                                101.67080796,
                                3.23728872
                            ],
                            [
                                101.67097277,
                                3.23694724
                            ],
                            [
                                101.67109162,
                                3.23681628
                            ],
                            [
                                101.67136202,
                                3.23642492
                            ],
                            [
                                101.67140185,
                                3.23635446
                            ],
                            [
                                101.6721803,
                                3.23498271
                            ],
                            [
                                101.67282726,
                                3.23371998
                            ],
                            [
                                101.67327799,
                                3.23279637
                            ],
                            [
                                101.67293228,
                                3.23219726
                            ],
                            [
                                101.67238506,
                                3.23124106
                            ],
                            [
                                101.67216476,
                                3.22894687
                            ],
                            [
                                101.67219993,
                                3.22811772
                            ],
                            [
                                101.67267868,
                                3.22826568
                            ],
                            [
                                101.672862,
                                3.2281781
                            ],
                            [
                                101.67300065,
                                3.22827322
                            ],
                            [
                                101.67300185,
                                3.22773995
                            ],
                            [
                                101.67332544,
                                3.2277474
                            ],
                            [
                                101.67379024,
                                3.22777552
                            ],
                            [
                                101.6741203,
                                3.22774736
                            ],
                            [
                                101.67739142,
                                3.22788631
                            ],
                            [
                                101.68120737,
                                3.22808118
                            ],
                            [
                                101.68436287,
                                3.22822582
                            ],
                            [
                                101.6875514,
                                3.22836978
                            ],
                            [
                                101.68932902,
                                3.22856032
                            ],
                            [
                                101.69114808,
                                3.2286523
                            ],
                            [
                                101.69300954,
                                3.22857599
                            ],
                            [
                                101.69444443,
                                3.22851059
                            ],
                            [
                                101.69704568,
                                3.22840167
                            ],
                            [
                                101.696965,
                                3.22648701
                            ],
                            [
                                101.69684525,
                                3.22347676
                            ],
                            [
                                101.70007748,
                                3.22353569
                            ],
                            [
                                101.70175887,
                                3.22356785
                            ],
                            [
                                101.70175755,
                                3.21836089
                            ],
                            [
                                101.70223531,
                                3.2183532
                            ],
                            [
                                101.70221325,
                                3.21819406
                            ],
                            [
                                101.70225846,
                                3.21743317
                            ],
                            [
                                101.70226875,
                                3.21705392
                            ],
                            [
                                101.70246594,
                                3.21668783
                            ],
                            [
                                101.70258185,
                                3.21647026
                            ],
                            [
                                101.70282315,
                                3.2164253
                            ],
                            [
                                101.70329533,
                                3.21607359
                            ],
                            [
                                101.70352404,
                                3.21624817
                            ],
                            [
                                101.7037301,
                                3.21659234
                            ],
                            [
                                101.70431241,
                                3.2162559
                            ],
                            [
                                101.70555336,
                                3.21672217
                            ],
                            [
                                101.70571719,
                                3.21634793
                            ],
                            [
                                101.70662704,
                                3.2164278
                            ],
                            [
                                101.70694572,
                                3.21626195
                            ],
                            [
                                101.70783836,
                                3.21611316
                            ],
                            [
                                101.70857764,
                                3.21517543
                            ],
                            [
                                101.71000532,
                                3.2164786
                            ],
                            [
                                101.71016462,
                                3.21618695
                            ],
                            [
                                101.71034664,
                                3.21612406
                            ],
                            [
                                101.7105513,
                                3.21587827
                            ],
                            [
                                101.71102314,
                                3.21546085
                            ],
                            [
                                101.71243398,
                                3.21508323
                            ],
                            [
                                101.71279187,
                                3.2149974
                            ],
                            [
                                101.71482779,
                                3.2128418
                            ],
                            [
                                101.71731357,
                                3.21531088
                            ],
                            [
                                101.7156756,
                                3.21528843
                            ],
                            [
                                101.71565828,
                                3.21455101
                            ],
                            [
                                101.7148981,
                                3.21455781
                            ],
                            [
                                101.71490244,
                                3.2168149
                            ],
                            [
                                101.7156419,
                                3.21679185
                            ],
                            [
                                101.71564753,
                                3.21742634
                            ],
                            [
                                101.71565903,
                                3.21824391
                            ],
                            [
                                101.71834904,
                                3.21826624
                            ],
                            [
                                101.71838951,
                                3.22138749
                            ],
                            [
                                101.71850322,
                                3.22145603
                            ],
                            [
                                101.71885606,
                                3.2220104
                            ],
                            [
                                101.71913508,
                                3.22269639
                            ],
                            [
                                101.71976646,
                                3.22315356
                            ],
                            [
                                101.71992066,
                                3.22324706
                            ],
                            [
                                101.72096514,
                                3.22428338
                            ],
                            [
                                101.7238284,
                                3.22722296
                            ],
                            [
                                101.72386286,
                                3.22933238
                            ],
                            [
                                101.7248865,
                                3.22830323
                            ],
                            [
                                101.73013132,
                                3.233527
                            ],
                            [
                                101.73142763,
                                3.23221756
                            ],
                            [
                                101.7318428,
                                3.23190308
                            ],
                            [
                                101.73934449,
                                3.23206148
                            ],
                            [
                                101.73867374,
                                3.23377092
                            ],
                            [
                                101.73994085,
                                3.23372828
                            ],
                            [
                                101.74038546,
                                3.2332309
                            ],
                            [
                                101.74109626,
                                3.2324597
                            ],
                            [
                                101.74331311,
                                3.22984175
                            ],
                            [
                                101.74362104,
                                3.22938628
                            ],
                            [
                                101.74361124,
                                3.22906049
                            ],
                            [
                                101.74371089,
                                3.22857724
                            ],
                            [
                                101.74397606,
                                3.22811751
                            ],
                            [
                                101.74389959,
                                3.22795819
                            ],
                            [
                                101.74354685,
                                3.2279389
                            ],
                            [
                                101.74326764,
                                3.22793954
                            ],
                            [
                                101.74314289,
                                3.22772744
                            ],
                            [
                                101.74293263,
                                3.22751023
                            ],
                            [
                                101.74286647,
                                3.22716945
                            ],
                            [
                                101.7424078,
                                3.22700566
                            ],
                            [
                                101.74242038,
                                3.22680796
                            ],
                            [
                                101.74260815,
                                3.22638983
                            ],
                            [
                                101.74253971,
                                3.22596122
                            ],
                            [
                                101.74239164,
                                3.22576109
                            ],
                            [
                                101.74151004,
                                3.22464691
                            ],
                            [
                                101.74121903,
                                3.22401704
                            ],
                            [
                                101.74111341,
                                3.22386077
                            ],
                            [
                                101.74057993,
                                3.2238401
                            ],
                            [
                                101.74027997,
                                3.22369631
                            ],
                            [
                                101.74004989,
                                3.22322263
                            ],
                            [
                                101.73961279,
                                3.2225419
                            ],
                            [
                                101.73956544,
                                3.22225905
                            ],
                            [
                                101.73951026,
                                3.221765
                            ],
                            [
                                101.73931127,
                                3.22123815
                            ],
                            [
                                101.73947829,
                                3.21931346
                            ],
                            [
                                101.7395449,
                                3.21878674
                            ],
                            [
                                101.73958591,
                                3.21826163
                            ],
                            [
                                101.7396586,
                                3.2174128
                            ],
                            [
                                101.73958663,
                                3.21714553
                            ],
                            [
                                101.73949363,
                                3.21693722
                            ],
                            [
                                101.73939122,
                                3.2167177
                            ],
                            [
                                101.7388609,
                                3.21628435
                            ],
                            [
                                101.73827747,
                                3.21588957
                            ],
                            [
                                101.73921571,
                                3.21546054
                            ],
                            [
                                101.73968213,
                                3.21549471
                            ],
                            [
                                101.74091061,
                                3.21517434
                            ],
                            [
                                101.74223573,
                                3.21390486
                            ],
                            [
                                101.74350933,
                                3.2126356
                            ],
                            [
                                101.74367448,
                                3.21245837
                            ],
                            [
                                101.74400802,
                                3.2121382
                            ],
                            [
                                101.74454964,
                                3.21098323
                            ],
                            [
                                101.74529465,
                                3.20975965
                            ],
                            [
                                101.74597153,
                                3.20947938
                            ],
                            [
                                101.74745637,
                                3.20292135
                            ],
                            [
                                101.74916621,
                                3.20288173
                            ],
                            [
                                101.75061623,
                                3.20258987
                            ],
                            [
                                101.75099692,
                                3.20034884
                            ],
                            [
                                101.75381225,
                                3.2004739
                            ],
                            [
                                101.75651855,
                                3.19708335
                            ],
                            [
                                101.7567395,
                                3.1946195
                            ],
                            [
                                101.75696079,
                                3.19210881
                            ],
                            [
                                101.75782773,
                                3.19233565
                            ],
                            [
                                101.75794024,
                                3.19054996
                            ],
                            [
                                101.75781027,
                                3.1904907
                            ],
                            [
                                101.75836483,
                                3.18938833
                            ],
                            [
                                101.75878787,
                                3.18819711
                            ],
                            [
                                101.75805068,
                                3.18681048
                            ],
                            [
                                101.75783505,
                                3.18583847
                            ],
                            [
                                101.75775564,
                                3.18558135
                            ],
                            [
                                101.75743915,
                                3.18536389
                            ],
                            [
                                101.75725484,
                                3.18530136
                            ],
                            [
                                101.75615178,
                                3.18577031
                            ],
                            [
                                101.75574764,
                                3.1847185
                            ],
                            [
                                101.75690189,
                                3.1843067
                            ],
                            [
                                101.75669115,
                                3.18341503
                            ],
                            [
                                101.75628721,
                                3.18189442
                            ],
                            [
                                101.75592848,
                                3.18111711
                            ],
                            [
                                101.75528598,
                                3.18018537
                            ],
                            [
                                101.75401544,
                                3.17911069
                            ],
                            [
                                101.75185268,
                                3.17841614
                            ],
                            [
                                101.75244827,
                                3.17687193
                            ],
                            [
                                101.75177712,
                                3.17667658
                            ],
                            [
                                101.75050384,
                                3.17633656
                            ],
                            [
                                101.75059761,
                                3.1756748
                            ],
                            [
                                101.74961329,
                                3.17553639
                            ],
                            [
                                101.74712419,
                                3.17544239
                            ],
                            [
                                101.74629741,
                                3.17589457
                            ],
                            [
                                101.74584363,
                                3.1758208
                            ],
                            [
                                101.74606098,
                                3.17732294
                            ],
                            [
                                101.74584363,
                                3.17582118
                            ],
                            [
                                101.74352359,
                                3.17570635
                            ],
                            [
                                101.74342139,
                                3.17632956
                            ],
                            [
                                101.74040709,
                                3.17689608
                            ],
                            [
                                101.7403907,
                                3.1774547
                            ],
                            [
                                101.74038845,
                                3.17752117
                            ],
                            [
                                101.73859898,
                                3.17757684
                            ],
                            [
                                101.73351567,
                                3.17812178
                            ],
                            [
                                101.73278102,
                                3.17781258
                            ],
                            [
                                101.7337679,
                                3.17623107
                            ],
                            [
                                101.73372221,
                                3.17612065
                            ],
                            [
                                101.73375231,
                                3.17605578
                            ],
                            [
                                101.73362596,
                                3.17587702
                            ],
                            [
                                101.73342051,
                                3.17541605
                            ],
                            [
                                101.73245501,
                                3.17541522
                            ],
                            [
                                101.73191005,
                                3.17458809
                            ],
                            [
                                101.7322018,
                                3.17426204
                            ],
                            [
                                101.73186395,
                                3.1741006
                            ],
                            [
                                101.731415,
                                3.17388885
                            ],
                            [
                                101.73123652,
                                3.17380524
                            ],
                            [
                                101.73119321,
                                3.17275258
                            ],
                            [
                                101.73139629,
                                3.17276943
                            ],
                            [
                                101.73341123,
                                3.17293611
                            ],
                            [
                                101.73349623,
                                3.17210145
                            ],
                            [
                                101.73447436,
                                3.17208414
                            ],
                            [
                                101.73498638,
                                3.17188395
                            ],
                            [
                                101.73505308,
                                3.17024454
                            ],
                            [
                                101.73517388,
                                3.16727574
                            ],
                            [
                                101.73517409,
                                3.1672677
                            ],
                            [
                                101.73523943,
                                3.16566021
                            ],
                            [
                                101.73524766,
                                3.16546768
                            ],
                            [
                                101.73526183,
                                3.16511046
                            ],
                            [
                                101.73526355,
                                3.165067
                            ],
                            [
                                101.73529179,
                                3.16437227
                            ],
                            [
                                101.73597433,
                                3.16489798
                            ],
                            [
                                101.73662661,
                                3.16480468
                            ],
                            [
                                101.73830009,
                                3.16468022
                            ],
                            [
                                101.73837976,
                                3.16463452
                            ],
                            [
                                101.73901102,
                                3.16469724
                            ],
                            [
                                101.73944342,
                                3.16473712
                            ],
                            [
                                101.73965358,
                                3.16311362
                            ],
                            [
                                101.73965841,
                                3.16299237
                            ],
                            [
                                101.73965711,
                                3.16299237
                            ],
                            [
                                101.73953164,
                                3.16229733
                            ],
                            [
                                101.73997957,
                                3.16234147
                            ],
                            [
                                101.7399763,
                                3.16220293
                            ],
                            [
                                101.74029598,
                                3.16224284
                            ],
                            [
                                101.74061404,
                                3.1622628
                            ],
                            [
                                101.74061416,
                                3.16226279
                            ],
                            [
                                101.74061436,
                                3.1622628
                            ],
                            [
                                101.74098164,
                                3.16222701
                            ],
                            [
                                101.74198569,
                                3.16235621
                            ],
                            [
                                101.74240351,
                                3.16239077
                            ],
                            [
                                101.74645234,
                                3.16223716
                            ],
                            [
                                101.74818306,
                                3.1617542
                            ],
                            [
                                101.74836809,
                                3.16213815
                            ],
                            [
                                101.74965001,
                                3.160699
                            ],
                            [
                                101.74944429,
                                3.16040782
                            ],
                            [
                                101.75057399,
                                3.1604709
                            ],
                            [
                                101.75066401,
                                3.16038304
                            ],
                            [
                                101.74864025,
                                3.15833514
                            ],
                            [
                                101.75030675,
                                3.15749412
                            ],
                            [
                                101.74903244,
                                3.1554132
                            ],
                            [
                                101.74895826,
                                3.15533325
                            ],
                            [
                                101.74786314,
                                3.15353914
                            ],
                            [
                                101.74715613,
                                3.15366493
                            ],
                            [
                                101.74696991,
                                3.15229174
                            ],
                            [
                                101.74693844,
                                3.15204334
                            ],
                            [
                                101.74685181,
                                3.15140099
                            ],
                            [
                                101.74681544,
                                3.14956665
                            ],
                            [
                                101.7422318,
                                3.15056701
                            ],
                            [
                                101.74068114,
                                3.15090425
                            ],
                            [
                                101.74063918,
                                3.14862306
                            ],
                            [
                                101.74152398,
                                3.14842584
                            ],
                            [
                                101.73994163,
                                3.14609656
                            ],
                            [
                                101.73889193,
                                3.14455367
                            ],
                            [
                                101.74030576,
                                3.1435741
                            ],
                            [
                                101.73959252,
                                3.14181274
                            ],
                            [
                                101.73628769,
                                3.13889568
                            ],
                            [
                                101.73500121,
                                3.13562704
                            ],
                            [
                                101.73587882,
                                3.1352457
                            ],
                            [
                                101.73550974,
                                3.13434646
                            ],
                            [
                                101.73649392,
                                3.13399937
                            ],
                            [
                                101.73816267,
                                3.13027183
                            ],
                            [
                                101.74092914,
                                3.124143
                            ],
                            [
                                101.74041062,
                                3.12262288
                            ],
                            [
                                101.74050978,
                                3.12141798
                            ],
                            [
                                101.73923691,
                                3.11964526
                            ],
                            [
                                101.73923691,
                                3.11964507
                            ],
                            [
                                101.73934488,
                                3.1187517
                            ],
                            [
                                101.73879768,
                                3.11789533
                            ],
                            [
                                101.73747979,
                                3.11762015
                            ],
                            [
                                101.73781493,
                                3.11730464
                            ],
                            [
                                101.73832892,
                                3.11734298
                            ],
                            [
                                101.73861019,
                                3.11653789
                            ],
                            [
                                101.73763303,
                                3.11630965
                            ],
                            [
                                101.73751085,
                                3.11594998
                            ],
                            [
                                101.73855866,
                                3.11486479
                            ],
                            [
                                101.73808002,
                                3.11357873
                            ],
                            [
                                101.73844007,
                                3.11315335
                            ],
                            [
                                101.73887163,
                                3.11245087
                            ],
                            [
                                101.7393321,
                                3.11212099
                            ],
                            [
                                101.73995308,
                                3.11122989
                            ],
                            [
                                101.74011861,
                                3.11136289
                            ],
                            [
                                101.74119742,
                                3.1099123
                            ],
                            [
                                101.7426814,
                                3.11001898
                            ],
                            [
                                101.74392401,
                                3.10969471
                            ],
                            [
                                101.74456114,
                                3.11154383
                            ],
                            [
                                101.74553105,
                                3.11120804
                            ],
                            [
                                101.74527339,
                                3.11035104
                            ],
                            [
                                101.74566977,
                                3.11023073
                            ],
                            [
                                101.74769575,
                                3.11104849
                            ],
                            [
                                101.74742198,
                                3.11062753
                            ],
                            [
                                101.74699564,
                                3.11014806
                            ],
                            [
                                101.74689252,
                                3.11003444
                            ],
                            [
                                101.74675821,
                                3.10988675
                            ],
                            [
                                101.74749991,
                                3.1096548
                            ],
                            [
                                101.74766872,
                                3.10960113
                            ],
                            [
                                101.74928549,
                                3.10908541
                            ],
                            [
                                101.74992212,
                                3.10870402
                            ],
                            [
                                101.75173421,
                                3.10750062
                            ],
                            [
                                101.75295212,
                                3.10544275
                            ],
                            [
                                101.75352805,
                                3.10442204
                            ],
                            [
                                101.75314324,
                                3.10418114
                            ],
                            [
                                101.7536897,
                                3.10321028
                            ],
                            [
                                101.75059734,
                                3.10140087
                            ],
                            [
                                101.75206698,
                                3.09828723
                            ],
                            [
                                101.75254508,
                                3.0972279
                            ],
                            [
                                101.75176538,
                                3.09652436
                            ],
                            [
                                101.75132152,
                                3.09292994
                            ],
                            [
                                101.75125415,
                                3.09242059
                            ],
                            [
                                101.7507785,
                                3.09193807
                            ],
                            [
                                101.74871534,
                                3.08979446
                            ],
                            [
                                101.74630043,
                                3.08741249
                            ],
                            [
                                101.74520553,
                                3.08626216
                            ],
                            [
                                101.74514812,
                                3.085891
                            ],
                            [
                                101.74516259,
                                3.08542277
                            ],
                            [
                                101.74490529,
                                3.08473478
                            ],
                            [
                                101.74491942,
                                3.08417245
                            ],
                            [
                                101.7457292,
                                3.08331254
                            ],
                            [
                                101.74575638,
                                3.08324132
                            ],
                            [
                                101.74593666,
                                3.08274163
                            ],
                            [
                                101.74614769,
                                3.08215779
                            ],
                            [
                                101.7458535,
                                3.08160893
                            ],
                            [
                                101.74590008,
                                3.08131759
                            ],
                            [
                                101.74601433,
                                3.08100032
                            ],
                            [
                                101.74601496,
                                3.08092768
                            ],
                            [
                                101.74601433,
                                3.08100118
                            ],
                            [
                                101.7462222,
                                3.08076175
                            ],
                            [
                                101.74675577,
                                3.08010852
                            ],
                            [
                                101.74730263,
                                3.0794987
                            ],
                            [
                                101.74755808,
                                3.07916724
                            ],
                            [
                                101.74786759,
                                3.07873161
                            ],
                            [
                                101.74763178,
                                3.07855885
                            ],
                            [
                                101.74761863,
                                3.07623615
                            ],
                            [
                                101.74939855,
                                3.07622901
                            ],
                            [
                                101.74941065,
                                3.07531288
                            ],
                            [
                                101.7486026,
                                3.07371126
                            ],
                            [
                                101.74890829,
                                3.07358263
                            ],
                            [
                                101.74998144,
                                3.07312584
                            ],
                            [
                                101.74992764,
                                3.07291419
                            ],
                            [
                                101.75002251,
                                3.07283954
                            ],
                            [
                                101.74996812,
                                3.07149897
                            ],
                            [
                                101.74973762,
                                3.06900997
                            ],
                            [
                                101.74962931,
                                3.06692744
                            ],
                            [
                                101.7495407,
                                3.06603792
                            ],
                            [
                                101.74952806,
                                3.06595749
                            ],
                            [
                                101.74951301,
                                3.06530297
                            ],
                            [
                                101.74951714,
                                3.0649295
                            ],
                            [
                                101.74959719,
                                3.05508947
                            ],
                            [
                                101.74603635,
                                3.05495193
                            ],
                            [
                                101.74603672,
                                3.05485089
                            ],
                            [
                                101.74471768,
                                3.0548415
                            ],
                            [
                                101.74246857,
                                3.05495071
                            ],
                            [
                                101.73565604,
                                3.05492322
                            ],
                            [
                                101.73134461,
                                3.05492414
                            ],
                            [
                                101.73053045,
                                3.05491471
                            ],
                            [
                                101.73051892,
                                3.04606297
                            ],
                            [
                                101.73052815,
                                3.04370314
                            ],
                            [
                                101.73052794,
                                3.04265322
                            ],
                            [
                                101.73051799,
                                3.04150711
                            ],
                            [
                                101.73052741,
                                3.04007186
                            ],
                            [
                                101.73052721,
                                3.03911831
                            ],
                            [
                                101.7305269,
                                3.03756751
                            ],
                            [
                                101.73066047,
                                3.03513064
                            ],
                            [
                                101.72883091,
                                3.03753909
                            ],
                            [
                                101.72402167,
                                3.03361393
                            ],
                            [
                                101.7234698,
                                3.03338254
                            ],
                            [
                                101.72329271,
                                3.03365729
                            ],
                            [
                                101.72226154,
                                3.03342039
                            ],
                            [
                                101.7221928,
                                3.03623707
                            ],
                            [
                                101.7240996,
                                3.03625815
                            ],
                            [
                                101.7242047,
                                3.03874634
                            ],
                            [
                                101.72316879,
                                3.04077138
                            ],
                            [
                                101.72115955,
                                3.0402386
                            ],
                            [
                                101.72074444,
                                3.04222601
                            ],
                            [
                                101.72043158,
                                3.0437501
                            ],
                            [
                                101.7202093,
                                3.04481915
                            ],
                            [
                                101.72013748,
                                3.04515844
                            ],
                            [
                                101.71960482,
                                3.04716191
                            ],
                            [
                                101.71599928,
                                3.04645986
                            ],
                            [
                                101.7158443,
                                3.04724071
                            ],
                            [
                                101.71571586,
                                3.04790257
                            ],
                            [
                                101.71559941,
                                3.04860336
                            ],
                            [
                                101.71553536,
                                3.04901529
                            ],
                            [
                                101.71547163,
                                3.04936845
                            ],
                            [
                                101.71534936,
                                3.05010123
                            ],
                            [
                                101.71508866,
                                3.0518025
                            ],
                            [
                                101.71441348,
                                3.05204867
                            ],
                            [
                                101.71502031,
                                3.05336453
                            ],
                            [
                                101.7134397,
                                3.05392784
                            ],
                            [
                                101.71233773,
                                3.05270179
                            ],
                            [
                                101.71253504,
                                3.0531564
                            ],
                            [
                                101.71169406,
                                3.05346146
                            ],
                            [
                                101.71083231,
                                3.05356333
                            ],
                            [
                                101.71046456,
                                3.05257367
                            ],
                            [
                                101.7098183,
                                3.05163867
                            ],
                            [
                                101.70984291,
                                3.05162528
                            ],
                            [
                                101.7092847,
                                3.05046921
                            ],
                            [
                                101.70907853,
                                3.0493162
                            ],
                            [
                                101.70905382,
                                3.04883146
                            ],
                            [
                                101.70922918,
                                3.04793723
                            ],
                            [
                                101.70857758,
                                3.04780736
                            ],
                            [
                                101.70827444,
                                3.04772386
                            ],
                            [
                                101.70812482,
                                3.04773015
                            ],
                            [
                                101.70806144,
                                3.04646042
                            ],
                            [
                                101.70810409,
                                3.04598194
                            ],
                            [
                                101.70760666,
                                3.04594071
                            ],
                            [
                                101.70731584,
                                3.04591086
                            ],
                            [
                                101.70723682,
                                3.04590289
                            ],
                            [
                                101.70713027,
                                3.04588326
                            ],
                            [
                                101.70703505,
                                3.04587995
                            ],
                            [
                                101.70654669,
                                3.04585972
                            ],
                            [
                                101.70629953,
                                3.04905018
                            ],
                            [
                                101.70256778,
                                3.04880578
                            ],
                            [
                                101.70145725,
                                3.04853706
                            ],
                            [
                                101.70119072,
                                3.04850558
                            ],
                            [
                                101.7004066,
                                3.04806038
                            ],
                            [
                                101.70009274,
                                3.04777264
                            ],
                            [
                                101.69901084,
                                3.04824181
                            ],
                            [
                                101.69872068,
                                3.0482656
                            ],
                            [
                                101.69924563,
                                3.04639317
                            ],
                            [
                                101.69891983,
                                3.04627492
                            ],
                            [
                                101.69904818,
                                3.04508102
                            ],
                            [
                                101.69751182,
                                3.04493089
                            ],
                            [
                                101.69724076,
                                3.04490397
                            ],
                            [
                                101.69623584,
                                3.04482258
                            ],
                            [
                                101.69544111,
                                3.04476062
                            ],
                            [
                                101.69495363,
                                3.0442148
                            ],
                            [
                                101.69435645,
                                3.04423494
                            ],
                            [
                                101.69358604,
                                3.04431692
                            ],
                            [
                                101.69357518,
                                3.04519384
                            ],
                            [
                                101.6928164,
                                3.04520451
                            ],
                            [
                                101.69280166,
                                3.04422552
                            ],
                            [
                                101.69097971,
                                3.04430949
                            ],
                            [
                                101.69097477,
                                3.04379787
                            ],
                            [
                                101.69097216,
                                3.04369637
                            ],
                            [
                                101.69096528,
                                3.04322605
                            ],
                            [
                                101.69056015,
                                3.04324007
                            ],
                            [
                                101.68998143,
                                3.04325062
                            ],
                            [
                                101.68989141,
                                3.04331682
                            ],
                            [
                                101.68962756,
                                3.04380807
                            ],
                            [
                                101.68931612,
                                3.04440036
                            ],
                            [
                                101.68891741,
                                3.0440904
                            ],
                            [
                                101.68846397,
                                3.04377798
                            ],
                            [
                                101.68839765,
                                3.04419845
                            ],
                            [
                                101.68788122,
                                3.0448186
                            ],
                            [
                                101.68685211,
                                3.04530294
                            ],
                            [
                                101.68606902,
                                3.04511155
                            ],
                            [
                                101.68391688,
                                3.04403891
                            ],
                            [
                                101.6832306,
                                3.04369766
                            ],
                            [
                                101.68296049,
                                3.0435583
                            ],
                            [
                                101.68173009,
                                3.04294889
                            ],
                            [
                                101.67882269,
                                3.04150356
                            ],
                            [
                                101.67499935,
                                3.04146731
                            ],
                            [
                                101.67379594,
                                3.04150757
                            ],
                            [
                                101.67374316,
                                3.04151813
                            ],
                            [
                                101.67149374,
                                3.04168454
                            ],
                            [
                                101.66846204,
                                3.0405029
                            ],
                            [
                                101.66857706,
                                3.04307741
                            ],
                            [
                                101.66869577,
                                3.0443104
                            ],
                            [
                                101.66870003,
                                3.04462935
                            ],
                            [
                                101.66870954,
                                3.0454059
                            ],
                            [
                                101.66482565,
                                3.04551178
                            ],
                            [
                                101.66125103,
                                3.04562728
                            ],
                            [
                                101.65935039,
                                3.04578717
                            ],
                            [
                                101.6593481,
                                3.04559887
                            ],
                            [
                                101.65835616,
                                3.04565532
                            ],
                            [
                                101.65604391,
                                3.04580767
                            ],
                            [
                                101.65428832,
                                3.04578028
                            ],
                            [
                                101.65287539,
                                3.0458458
                            ],
                            [
                                101.6512727,
                                3.04605064
                            ],
                            [
                                101.65149174,
                                3.04705638
                            ],
                            [
                                101.65132028,
                                3.04839946
                            ],
                            [
                                101.65235758,
                                3.04848231
                            ],
                            [
                                101.65336152,
                                3.0509722
                            ],
                            [
                                101.6542978,
                                3.05117376
                            ],
                            [
                                101.65523947,
                                3.05055852
                            ],
                            [
                                101.65678387,
                                3.0502721
                            ],
                            [
                                101.65777088,
                                3.04970479
                            ],
                            [
                                101.65830936,
                                3.04909054
                            ],
                            [
                                101.65873199,
                                3.04912894
                            ],
                            [
                                101.65934735,
                                3.04949965
                            ],
                            [
                                101.65945424,
                                3.05892789
                            ],
                            [
                                101.65710589,
                                3.05816867
                            ],
                            [
                                101.65588021,
                                3.05890788
                            ],
                            [
                                101.65320532,
                                3.05742998
                            ],
                            [
                                101.65222493,
                                3.05915479
                            ],
                            [
                                101.65074417,
                                3.05830296
                            ],
                            [
                                101.6510197,
                                3.05782044
                            ],
                            [
                                101.64963125,
                                3.05703021
                            ],
                            [
                                101.64872225,
                                3.05745108
                            ],
                            [
                                101.64809911,
                                3.05708169
                            ],
                            [
                                101.64797273,
                                3.05895224
                            ],
                            [
                                101.64859588,
                                3.05938896
                            ],
                            [
                                101.64970516,
                                3.06002378
                            ],
                            [
                                101.64932762,
                                3.06068472
                            ],
                            [
                                101.64909087,
                                3.06054687
                            ],
                            [
                                101.64863305,
                                3.0613572
                            ],
                            [
                                101.64945958,
                                3.06182826
                            ],
                            [
                                101.64884214,
                                3.06293457
                            ],
                            [
                                101.64711557,
                                3.0620556
                            ],
                            [
                                101.64962515,
                                3.06483719
                            ],
                            [
                                101.65019813,
                                3.06549288
                            ],
                            [
                                101.65087963,
                                3.06631349
                            ],
                            [
                                101.65122328,
                                3.06669497
                            ],
                            [
                                101.65168093,
                                3.06701149
                            ],
                            [
                                101.65108082,
                                3.0669282
                            ],
                            [
                                101.65124642,
                                3.06776436
                            ],
                            [
                                101.6505839,
                                3.06840521
                            ],
                            [
                                101.65073519,
                                3.06877875
                            ],
                            [
                                101.65101541,
                                3.06946249
                            ],
                            [
                                101.65004586,
                                3.0700051
                            ],
                            [
                                101.64720444,
                                3.07064757
                            ],
                            [
                                101.64632488,
                                3.07088612
                            ],
                            [
                                101.64594248,
                                3.07139978
                            ],
                            [
                                101.64717125,
                                3.07189102
                            ],
                            [
                                101.64778567,
                                3.07241966
                            ],
                            [
                                101.64830907,
                                3.0727959
                            ],
                            [
                                101.65048135,
                                3.0741605
                            ],
                            [
                                101.65088977,
                                3.07441331
                            ],
                            [
                                101.65161661,
                                3.07521483
                            ],
                            [
                                101.65166232,
                                3.07558838
                            ],
                            [
                                101.65202538,
                                3.07566885
                            ],
                            [
                                101.65282246,
                                3.07617723
                            ],
                            [
                                101.65385175,
                                3.07675745
                            ],
                            [
                                101.65393733,
                                3.07730913
                            ],
                            [
                                101.65439499,
                                3.07767114
                            ],
                            [
                                101.65474344,
                                3.07753037
                            ],
                            [
                                101.65629026,
                                3.0780961
                            ],
                            [
                                101.65656689,
                                3.07850123
                            ],
                            [
                                101.65738466,
                                3.07875683
                            ],
                            [
                                101.65766482,
                                3.07889761
                            ],
                            [
                                101.65875404,
                                3.07952388
                            ],
                            [
                                101.65939145,
                                3.07992602
                            ],
                            [
                                101.65973731,
                                3.07977082
                            ],
                            [
                                101.65985461,
                                3.0802507
                            ],
                            [
                                101.65977756,
                                3.08043455
                            ],
                            [
                                101.65953179,
                                3.08070473
                            ],
                            [
                                101.65927432,
                                3.08069033
                            ],
                            [
                                101.65903125,
                                3.08170468
                            ],
                            [
                                101.66068075,
                                3.08234227
                            ],
                            [
                                101.66046384,
                                3.0828883
                            ],
                            [
                                101.65990063,
                                3.08269875
                            ],
                            [
                                101.6593289,
                                3.08416418
                            ],
                            [
                                101.65940927,
                                3.08460667
                            ],
                            [
                                101.66171886,
                                3.08560347
                            ],
                            [
                                101.66370843,
                                3.08631847
                            ],
                            [
                                101.66600052,
                                3.08714188
                            ],
                            [
                                101.66795642,
                                3.08786676
                            ],
                            [
                                101.66599857,
                                3.08714159
                            ],
                            [
                                101.66372884,
                                3.08632663
                            ],
                            [
                                101.66345329,
                                3.08668267
                            ],
                            [
                                101.66343095,
                                3.08674239
                            ],
                            [
                                101.6632092,
                                3.08738091
                            ],
                            [
                                101.66299295,
                                3.08802607
                            ],
                            [
                                101.66034837,
                                3.09073298
                            ],
                            [
                                101.66035894,
                                3.09218418
                            ],
                            [
                                101.65890512,
                                3.09218695
                            ],
                            [
                                101.65890851,
                                3.0955387
                            ],
                            [
                                101.65961487,
                                3.09561636
                            ],
                            [
                                101.65970791,
                                3.0985915
                            ],
                            [
                                101.65943075,
                                3.0990535
                            ],
                            [
                                101.66040991,
                                3.09985061
                            ],
                            [
                                101.66006827,
                                3.102408
                            ],
                            [
                                101.65990586,
                                3.10358253
                            ],
                            [
                                101.65933133,
                                3.10596999
                            ],
                            [
                                101.65898566,
                                3.10745277
                            ],
                            [
                                101.65916766,
                                3.10740897
                            ],
                            [
                                101.65904471,
                                3.10819389
                            ],
                            [
                                101.65894376,
                                3.10889193
                            ],
                            [
                                101.65890073,
                                3.10917585
                            ],
                            [
                                101.65896811,
                                3.10932995
                            ],
                            [
                                101.65759884,
                                3.10957086
                            ],
                            [
                                101.65910723,
                                3.1129015
                            ],
                            [
                                101.65819605,
                                3.11335232
                            ],
                            [
                                101.65819496,
                                3.11334991
                            ],
                            [
                                101.65769324,
                                3.1130409
                            ],
                            [
                                101.65469689,
                                3.11121257
                            ],
                            [
                                101.65290122,
                                3.11012017
                            ],
                            [
                                101.65247049,
                                3.11023579
                            ],
                            [
                                101.65134064,
                                3.11351391
                            ],
                            [
                                101.65100556,
                                3.11447661
                            ],
                            [
                                101.65052219,
                                3.11569942
                            ],
                            [
                                101.65024472,
                                3.11630594
                            ],
                            [
                                101.65004364,
                                3.11665256
                            ],
                            [
                                101.64980403,
                                3.11701351
                            ],
                            [
                                101.6495793,
                                3.11728313
                            ],
                            [
                                101.64939731,
                                3.1174517
                            ],
                            [
                                101.64921045,
                                3.11760574
                            ],
                            [
                                101.64876971,
                                3.11792827
                            ],
                            [
                                101.64815699,
                                3.11822195
                            ],
                            [
                                101.64768773,
                                3.11842418
                            ],
                            [
                                101.64733343,
                                3.11856382
                            ],
                            [
                                101.64724241,
                                3.11843382
                            ],
                            [
                                101.64470004,
                                3.11854488
                            ],
                            [
                                101.64393118,
                                3.11859017
                            ],
                            [
                                101.64338651,
                                3.1191711
                            ],
                            [
                                101.64341282,
                                3.1198203
                            ],
                            [
                                101.64347893,
                                3.1201007
                            ],
                            [
                                101.64360203,
                                3.12031936
                            ],
                            [
                                101.64403219,
                                3.12078307
                            ],
                            [
                                101.64455305,
                                3.12135273
                            ],
                            [
                                101.6450454,
                                3.12188927
                            ],
                            [
                                101.64575477,
                                3.12266429
                            ],
                            [
                                101.6475279,
                                3.12459631
                            ],
                            [
                                101.64798301,
                                3.1251129
                            ],
                            [
                                101.64803322,
                                3.12519684
                            ],
                            [
                                101.64810385,
                                3.12537572
                            ],
                            [
                                101.64815213,
                                3.12558776
                            ],
                            [
                                101.64820269,
                                3.12586378
                            ],
                            [
                                101.64812861,
                                3.12646952
                            ],
                            [
                                101.64795831,
                                3.1268676
                            ],
                            [
                                101.64763353,
                                3.12739948
                            ],
                            [
                                101.64692173,
                                3.1278905
                            ],
                            [
                                101.64662473,
                                3.12783101
                            ],
                            [
                                101.64605146,
                                3.12773147
                            ],
                            [
                                101.64513004,
                                3.12771298
                            ],
                            [
                                101.64445931,
                                3.12779578
                            ],
                            [
                                101.64371832,
                                3.12803251
                            ],
                            [
                                101.6432358,
                                3.12847021
                            ],
                            [
                                101.6421137,
                                3.12944698
                            ],
                            [
                                101.64199065,
                                3.12961886
                            ],
                            [
                                101.6416467,
                                3.12962659
                            ],
                            [
                                101.64014138,
                                3.1299372
                            ],
                            [
                                101.63911767,
                                3.13039863
                            ],
                            [
                                101.63845864,
                                3.13080094
                            ],
                            [
                                101.63775264,
                                3.13122681
                            ],
                            [
                                101.63717622,
                                3.13178275
                            ],
                            [
                                101.63621956,
                                3.1323601
                            ],
                            [
                                101.63583254,
                                3.13242908
                            ],
                            [
                                101.63532273,
                                3.13213763
                            ],
                            [
                                101.63515978,
                                3.13178138
                            ],
                            [
                                101.63503475,
                                3.13170021
                            ],
                            [
                                101.6349528,
                                3.131582
                            ],
                            [
                                101.63448191,
                                3.13180672
                            ],
                            [
                                101.6339987,
                                3.13189614
                            ],
                            [
                                101.63363498,
                                3.13173561
                            ],
                            [
                                101.63337229,
                                3.13148335
                            ],
                            [
                                101.63235468,
                                3.13147102
                            ],
                            [
                                101.63184165,
                                3.13133796
                            ],
                            [
                                101.63148184,
                                3.13145433
                            ],
                            [
                                101.63100895,
                                3.13119201
                            ],
                            [
                                101.63088678,
                                3.13062684
                            ],
                            [
                                101.63089033,
                                3.13047977
                            ],
                            [
                                101.63047089,
                                3.13028724
                            ],
                            [
                                101.62956407,
                                3.13050689
                            ],
                            [
                                101.62956732,
                                3.13062311
                            ],
                            [
                                101.62953276,
                                3.13145749
                            ],
                            [
                                101.6293612,
                                3.13225125
                            ],
                            [
                                101.62936553,
                                3.13334419
                            ],
                            [
                                101.62953893,
                                3.13446834
                            ],
                            [
                                101.62969163,
                                3.13572678
                            ],
                            [
                                101.62969163,
                                3.13576894
                            ],
                            [
                                101.6296934,
                                3.13707572
                            ],
                            [
                                101.62934885,
                                3.13754949
                            ],
                            [
                                101.62861111,
                                3.13792256
                            ],
                            [
                                101.62803469,
                                3.13858495
                            ],
                            [
                                101.62728602,
                                3.13972934
                            ],
                            [
                                101.62661278,
                                3.14074383
                            ],
                            [
                                101.62658437,
                                3.14153205
                            ],
                            [
                                101.62606131,
                                3.14156811
                            ],
                            [
                                101.62494428,
                                3.14173735
                            ],
                            [
                                101.62407437,
                                3.14191026
                            ],
                            [
                                101.62309695,
                                3.14230625
                            ],
                            [
                                101.62180704,
                                3.14319261
                            ],
                            [
                                101.62128505,
                                3.14406872
                            ],
                            [
                                101.61945591,
                                3.14521124
                            ],
                            [
                                101.61818862,
                                3.14865219
                            ],
                            [
                                101.61803812,
                                3.14973565
                            ],
                            [
                                101.61768026,
                                3.14999844
                            ],
                            [
                                101.61613597,
                                3.15115151
                            ],
                            [
                                101.61584358,
                                3.15136643
                            ],
                            [
                                101.61515828,
                                3.15293012
                            ],
                            [
                                101.61517643,
                                3.15317457
                            ]
                        ]
                    ]
                ]
            },
            "geometry_name": "geom",
            "properties": {
                "gid": 12,
                "objectid": 12,
                "id": "14",
                "code": "14",
                "negeri": "W.P Kuala Lumpur"
            }
        }
    ],
    "totalFeatures": 1,
    "numberMatched": 1,
    "numberReturned": 1,
    "timeStamp": "2025-09-03T15:04:25.860Z",
    "crs": {
        "type": "name",
        "properties": {
            "name": "urn:ogc:def:crs:EPSG::4326"
        }
    }
}